ImageId,Class
1.2.276.0.7230010.3.1.4.8323329.10000.1234567890.123456,1
1.2.276.0.7230010.3.1.4.8323329.10000.2345678901.234567,0
