ImageId, EncodedPixels
1.2.276.0.7230010.3.1.4.8323329.705.1234567890.123456,338106 1 1019 4 1017 6 1016 8 1015 8 1014 9 1014 10 1013 10 1013 10 1013 11 1012 11 1012 11 1012 11 1012 11 1012 11 1011 12 1011 12 1009 14 1008 15 1008 15 1007 16 1007 16 1007 15 1008 15 1008 15 1008 15 1008 15 1008 15 1008 15 1008 15 1009 14 1009 14 1009 14 1009 14 1008 15 1008 15 1008 16 1008 15 1008 15 1008 15 1008 14 1010 13 1010 13 1010 14 1009 14 1010 13 1010 13 1010 14 1010 13 1010 13 1011 12 1011 13 1011 12 1011 12 1011 12 1012 12 1011 12 1011 12 1012 12 1011 12 1011 13 1011 12 1011 13 1011 12 1012 12 1011 13 1011 12 1011 13 1011 12 1011 13 1011 13 1010 13 1011 13 1011 13 1010 14 1010 13 1011 13 1011 13 1010 14 1010 14 1010 14 1010 14 1009 15 1009 15 1009 15 1009 14 1010 14 1010 14 1010 14 1010 13 1011 13 1011 14 1010 14 1010 14 1011 13 1011 13 1012 13 1011 13 1011 14 1011 13 1012 13 1012 12 1013 12 1013 11 1014 10 1017 5
1.2.276.0.7230010.3.1.4.8323329.705.2345678901.234567,588992 2 1018 9 1012 15 1007 20 1003 23 999 24 998 25 997 26 997 25 997 25 998 25 998 25 998 24 1000 23 1000 23 1000 23 1000 24 999 24 1000 23 1000 23 1000 23 1001 21 1002 21 1002 21 1003 20 1003 19 1005 17 1006 17 1007 17 1007 16 1008 15 1009 14 1009 14 1010 14 1009 14 1009 14 1010 14 1009 14 1010 14 1010 14 1009 14 1010 13 1011 13 1010 13 1011 12 1011 13 1011 12 1012 12 1011 13 1011 12 1012 12 1011 13 1011 13 1010 13 1011 13 1010 14 1010 14 1010 13 1010 14 1010 14 1010 13 1010 14 1010 13 1011 13 1011 12 1012 12 1012 12 1012 12 1012 11 1013 11 1013 11 1013 10 1014 10 1014 9 1015 9 1015 8 1016 8 1016 7 1017 7 1017 7 1017 7 1017 7 1017 7 1017 7 1017 7 1017 7 1017 7 1017 6 1018 6 1018 6 1018 6 1018 6 1018 5 1019 5 1019 5 1019 5 1019 5 1019 5 1019 4 1020 4 1020 4 1020 4 1020 4 1020 4 1020 4 1020 4 1020 4 1020 4 1020 4 1020 4 1020 4 1020 4 1020 4 1020 4 1021 3 1021 3 1021 4 1020 4 1021 3 1021 3 1021 3 1021 3 1022 2 1022 3 1021 3 1021 4 1020 5 1019 5 1019 6 1019 5 1019 6 1018 6 1018 7 1018 6 1018 7 1017 8 1016 8 1016 9 1015 10 1014 10 1014 11 1013 12 1012 13 1012 13 1011 14 1011 14 1010 15 1010 15 1010 14 1011 14 1011 14 1011 13 1012 12 1014 10 1015 8
